INSERT INTO "form" (id, name) VALUES(1,'form');
INSERT INTO "form" (id, name)  VALUES(2,'form_item');
INSERT INTO "form"  (id, name) VALUES(3,'form_item_param');
INSERT INTO "form" (id, name)  VALUES(4,'test parent');
INSERT INTO "form" (id, name)  VALUES(5,'Login');
INSERT INTO "form"  (id, name) VALUES(6,'User');
INSERT INTO "form"  (id, name) VALUES(7,'User Group');
INSERT INTO "form"  (id, name) VALUES(8,'form_param');
INSERT INTO "form"  (id, name) VALUES(9,'Permission Group list');
INSERT INTO "form"  (id, name) VALUES(10,'Codes');
INSERT INTO "form"  (id, name) VALUES(11,'Code Group');
INSERT INTO "form" (id, name)  VALUES(12,'Grouped Codes');
INSERT INTO "form"  (id, name) VALUES(13,'Code2 Group');
INSERT INTO "form" (id, name)  VALUES(14,'Code2');
INSERT INTO "form" (id, name)  VALUES(15,'test');
INSERT INTO "form" (id, name)  VALUES(17,'logon');



INSERT INTO "form_item" (id, name, label,item,active,sort_order, form_id) VALUES (1,'form.name','form name:','textbox',1,1,1);
INSERT INTO "form_item"  (id, name, label,item,active,sort_order, form_id) VALUES(3,'sub1','subform','subform',1,4,1);
INSERT INTO "form_item" (id, name, label,item,active,sort_order, form_id)  VALUES (4,'sub3','form parameters','subform',1,3,1);
INSERT INTO "form_item"  (id, name, label,item,active,sort_order, form_id) VALUES(5,'form_item.name','name:','textbox',1,1,2);
INSERT INTO "form_item" (id, name, label,item,active,sort_order, form_id)  VALUES(6,'form_item.label','label:','textbox',1,2,2);
INSERT INTO "form_item"  (id, name, label,item,active,sort_order, form_id) VALUES(7,'form_item.item','item:','dropdown',1,3,2);
INSERT INTO "form_item"  (id, name, label,item,active,sort_order, form_id) VALUES(9,'sub2','subform','subform',1,7,2);
INSERT INTO "form_item"  (id, name, label,item,active,sort_order, form_id) VALUES(10,'form_item.sort_order','sort order:','textbox',1,4,2);
INSERT INTO "form_item"  (id, name, label,item,active,sort_order, form_id) VALUES(11,'form_item.active','active','checkbox',1,5,2);
INSERT INTO "form_item" (id, name, label,item,active,sort_order, form_id) VALUES(12,'form_item_param.key','key','textbox',1,1,3);
INSERT INTO "form_item" (id, name, label,item,active,sort_order, form_id)  VALUES(13,'form_item_param.value','value','textbox',1,2,3);
INSERT INTO "form_item" (id, name, label,item,active,sort_order, form_id)  VALUES(14,'save','save','submit',0,3,3);
INSERT INTO "form_item" (id, name, label,item,active,sort_order, form_id)  VALUES(15,'delete','delete','submit',0,4,3);
INSERT INTO "form_item"  (id, name, label,item,active,sort_order, form_id) VALUES(16,'username','name','textbox',1,1,5);
INSERT INTO "form_item" (id, name, label,item,active,sort_order, form_id)  VALUES(17,'password','password','password',1,2,5);
INSERT INTO "form_item"  (id, name, label,item,active,sort_order, form_id) VALUES(18,'login','login','submit',1,3,5);
INSERT INTO "form_item"  (id, name, label,item,active,sort_order, form_id) VALUES(19,'user.username','user:','textbox',1,1,6);
INSERT INTO "form_item"  (id, name, label,item,active,sort_order, form_id) VALUES(20,'user.password','password','password',1,2,6);
INSERT INTO "form_item"  (id, name, label,item,active,sort_order, form_id) VALUES(21,'save','save','submit',1,5,6);
INSERT INTO "form_item"  (id, name, label,item,active,sort_order, form_id) VALUES(22,'user.active','active','checkbox',1,3,6);
INSERT INTO "form_item"  (id, name, label,item,active,sort_order, form_id) VALUES(23,'user.user_group','group','dropdown',1,4,6);
INSERT INTO "form_item"  (id, name, label,item,active,sort_order, form_id) VALUES(24,'user_group.name','name','textbox',1,1,7);
INSERT INTO "form_item"  (id, name, label,item,active,sort_order, form_id) VALUES(25,'user_group.description','description','textbox',1,2,7);
INSERT INTO "form_item"  (id, name, label,item,active,sort_order, form_id) VALUES(26,'save','save','submit',1,3,7);
INSERT INTO "form_item"  (id, name, label,item,active,sort_order, form_id) VALUES(27,'delete','delete','submit',1,4,7);
INSERT INTO "form_item" (id, name, label,item,active,sort_order, form_id)  VALUES(28,'code2_group_code.code2_id','permissions','codelist',1,5,7);
INSERT INTO "form_item" (id, name, label,item,active,sort_order, form_id)  VALUES(29,'form_param.key','key:','textbox',1,1,8);
INSERT INTO "form_item" (id, name, label,item,active,sort_order, form_id)  VALUES(30,'form_param.value','value','textbox',1,2,8);
INSERT INTO "form_item" (id, name, label,item,active,sort_order, form_id)  VALUES(31,'save','save','submit',0,3,8);
INSERT INTO "form_item" (id, name, label,item,active,sort_order, form_id)  VALUES(32,'delete','delete','submit',0,4,8);
INSERT INTO "form_item" (id, name, label,item,active,sort_order, form_id)  VALUES (33,'sub1','permission groups','subform',1,1,9);
INSERT INTO "form_item" (id, name, label,item,active,sort_order, form_id)  VALUES(34,'code.name','code','textbox',1,1,10);
INSERT INTO "form_item" (id, name, label,item,active,sort_order, form_id)  VALUES(35,'code.description','description','textbox',1,2,10);
INSERT INTO "form_item" (id, name, label,item,active,sort_order, form_id)  VALUES(36,'code_group.name','name','textbox',1,1,11);
INSERT INTO "form_item"  (id, name, label,item,active,sort_order, form_id) VALUES(37,'code_group.description','description','textbox',1,2,11);
INSERT INTO "form_item" (id, name, label,item,active,sort_order, form_id)  VALUES(38,'code2_group_code.code2_id','code list','codelist',1,2,12);
INSERT INTO "form_item"  (id, name, label,item,active,sort_order, form_id) VALUES(39,'save','save','submit',1,3,12);
INSERT INTO "form_item"  (id, name, label,item,active,sort_order, form_id) VALUES(40,'code2_group.name','name','textbox',1,1,12);
INSERT INTO "form_item"  (id, name, label,item,active,sort_order, form_id) VALUES(41,'code2_group.description','description','textbox',1,1,12);
INSERT INTO "form_item" (id, name, label,item,active,sort_order, form_id)  VALUES(42,'code2_group.name','name','textbox',1,1,13);
INSERT INTO "form_item" (id, name, label,item,active,sort_order, form_id)  VALUES(43,'save','save','submit',1,2,13);
INSERT INTO "form_item"  (id, name, label,item,active,sort_order, form_id) VALUES(44,'sub','x','subform',1,3,13);
INSERT INTO "form_item"  (id, name, label,item,active,sort_order, form_id) VALUES(45,'code2_group.description','description','textbox',1,4,13);
INSERT INTO "form_item" (id, name, label,item,active,sort_order, form_id)  VALUES(46,'code2.name','name','textbox',1,1,14);
INSERT INTO "form_item" (id, name, label,item,active,sort_order, form_id)  VALUES(47,'code2.description','description','textbox',1,2,14);
INSERT INTO "form_item" (id, name, label,item,active,sort_order, form_id)  VALUES(49,'username','name:','textbox',1,1,17);
INSERT INTO "form_item" (id, name, label,item,active,sort_order, form_id)  VALUES(50,'password','password','password',1,2,17);
INSERT INTO "form_item" (id, name, label,item,active,sort_order, form_id)  VALUES(51,'login','ok','submit',1,3,17);


INSERT INTO "form_item_param" (id, key, value, form_item_id)VALUES(1,'subform_name','form_item',3);
INSERT INTO "form_item_param" (id, key, value, form_item_id)VALUES(2,'child_id','form_id',3);
INSERT INTO "form_item_param" (id, key, value, form_item_id)VALUES(3,'parent_id','id',3);
INSERT INTO "form_item_param" (id, key, value, form_item_id)VALUES(4,'child_object','form_item',3);
INSERT INTO "form_item_param" (id, key, value, form_item_id)VALUES(5,'subform_name','form_param',4);
INSERT INTO "form_item_param" (id, key, value, form_item_id)VALUES(6,'child_id','form_id',4);
INSERT INTO "form_item_param" (id, key, value, form_item_id)VALUES(7,'parent_id','id',4);
INSERT INTO "form_item_param" (id, key, value, form_item_id)VALUES(8,'child_object','form_param',4);
INSERT INTO "form_item_param" (id, key, value, form_item_id)VALUES(9,'form_type','grid',4);
INSERT INTO "form_item_param" (id, key, value, form_item_id)VALUES(10,'type','list',7);
INSERT INTO "form_item_param" (id, key, value, form_item_id)VALUES(11,'values','textbox|dropdown|password|submit|subform|checkbox|codelist|record_navigation',7);
INSERT INTO "form_item_param" (id, key, value, form_item_id)VALUES(12,'child_id','form_item_id',9);
INSERT INTO "form_item_param" (id, key, value, form_item_id)VALUES(13,'parent_id','id',9);
INSERT INTO "form_item_param" (id, key, value, form_item_id)VALUES(14,'subform_name','form_item_param',9);
INSERT INTO "form_item_param" (id, key, value, form_item_id)VALUES(15,'child_object','form_item_param',9);
INSERT INTO "form_item_param" (id, key, value, form_item_id)VALUES(16,'form_type','grid',9);
INSERT INTO "form_item_param" (id, key, value, form_item_id)VALUES(19,'type','sql',23);
INSERT INTO "form_item_param" (id, key, value, form_item_id)VALUES(20,'sql','SELECT code2.id, code2.name FROM code2 JOIN code2_group ON code2.code2_group_id =  code2_group.id WHERE code2_group.name = ''user group''',23);
INSERT INTO "form_item_param" (id, key, value, form_item_id)VALUES(21,'code_table','code2',28);
INSERT INTO "form_item_param" (id, key, value, form_item_id)VALUES(22,'flag_table','code2_group_code',28);
INSERT INTO "form_item_param" (id, key, value, form_item_id)VALUES(23,'flag_table_id_field','code2_group_id',28);
INSERT INTO "form_item_param" (id, key, value, form_item_id)VALUES(24,'code_table_id_field','code2_id',28);
INSERT INTO "form_item_param" (id, key, value, form_item_id)VALUES(25,'subform_name','user_group',33);
INSERT INTO "form_item_param" (id, key, value, form_item_id)VALUES(26,'child_object','user_group',33);
INSERT INTO "form_item_param" (id, key, value, form_item_id)VALUES(27,'show','true',33);
INSERT INTO "form_item_param" (id, key, value, form_item_id)VALUES(28,'form_type','grid',33);
INSERT INTO "form_item_param" (id, key, value, form_item_id)VALUES(29,'child_id','id',33);
INSERT INTO "form_item_param" (id, key, value, form_item_id)VALUES(30,'code_list','true',38);
INSERT INTO "form_item_param" (id, key, value, form_item_id)VALUES(31,'code_table','code',38);
INSERT INTO "form_item_param" (id, key, value, form_item_id)VALUES(32,'flag_table','code2_group_code',38);
INSERT INTO "form_item_param" (id, key, value, form_item_id)VALUES(33,'flag_table_id_field','code2_group_id',38);
INSERT INTO "form_item_param" (id, key, value, form_item_id)VALUES(34,'code_table_id_field','code2_id',38);
INSERT INTO "form_item_param" (id, key, value, form_item_id)VALUES(35,'subform_name','code2',44);
INSERT INTO "form_item_param" (id, key, value, form_item_id)VALUES(36,'child_id','code2_group_id',44);
INSERT INTO "form_item_param" (id, key, value, form_item_id)VALUES(37,'parent_id','id',44);
INSERT INTO "form_item_param" (id, key, value, form_item_id)VALUES(38,'child_object','code2',44);
INSERT INTO "form_item_param" (id, key, value, form_item_id)VALUES(39,'form_type','grid',44);
INSERT INTO "form_item_param" (id, key, value, form_item_id)VALUES(40,'form_type','normal',3);
INSERT INTO "form_item_param" (id, key, value, form_item_id)VALUES(43,'gg','',NULL);
INSERT INTO "form_item_param" (id, key, value, form_item_id)VALUES(44,'nnnnn','hnnn',NULL);
INSERT INTO "form_item_param" (id, key, value, form_item_id)VALUES(52,'gggggg','',NULL);
INSERT INTO "form_item_param" (id, key, value, form_item_id)VALUES(53,'hh','',NULL);
INSERT INTO "form_item_param" (id, key, value, form_item_id)VALUES(54,'gfgfg','',NULL);
INSERT INTO "form_item_param" (id, key, value, form_item_id)VALUES(56,'gg','',NULL);
INSERT INTO "form_item_param" (id, key, value, form_item_id)VALUES(58,'dfgdfg','',NULL);
INSERT INTO "form_item_param" (id, key, value, form_item_id)VALUES(61,'dgdsg','',NULL);
INSERT INTO "form_item_param" (id, key, value, form_item_id)VALUES(63,'tretre','',NULL);
INSERT INTO "form_item_param" (id, key, value, form_item_id)VALUES(64,'command','login',51);
INSERT INTO "form_item_param" (id, key, value, form_item_id)VALUES(65,'object','authentication',51);
INSERT INTO "form_item_param" (id, key, value, form_item_id)VALUES(66,'fdf','dfsf',1);


INSERT INTO "form_param" (id, key, value, form_id)VALUES(1,'form_object','form',1);
INSERT INTO "form_param" (id, key, value, form_id) VALUES(2,'form_object','form_item',2);
INSERT INTO "form_param" (id, key, value, form_id) VALUES(3,'form_object','form_item_param',3);
INSERT INTO "form_param" (id, key, value, form_id) VALUES(4,'form_object','user',6);
INSERT INTO "form_param" (id, key, value, form_id) VALUES(5,'form_view','grid',6);
INSERT INTO "form_param" (id, key, value, form_id) VALUES(6,'form_object','user_group',7);
INSERT INTO "form_param" (id, key, value, form_id) VALUES(7,'form_object','form_param',8);
INSERT INTO "form_param" (id, key, value, form_id) VALUES(8,'form_view','grid',10);
INSERT INTO "form_param" (id, key, value, form_id) VALUES(9,'form_object','code',10);
INSERT INTO "form_param" (id, key, value, form_id) VALUES(10,'form_view','grid',11);
INSERT INTO "form_param" (id, key, value, form_id) VALUES(11,'form_object','code_group',11);
INSERT INTO "form_param" (id, key, value, form_id) VALUES(12,'form_object','code2_group',12);
INSERT INTO "form_param" (id, key, value, form_id) VALUES(13,'form_object','code2_group',13);
INSERT INTO "form_param" (id, key, value, form_id) VALUES(14,'form_object','code2',14);
INSERT INTO "form_param" (id, key, value, form_id) VALUES(15,'form_view','grid',14);

INSERT INTO "form_param" (id, key, value, form_id) VALUES(23,'form_type','action',17);
INSERT INTO "form_param" (id, key, value, form_id) VALUES(24,'form_type','normal',1);
INSERT INTO "form_param" (id, key, value, form_id) VALUES(25,'form_type','normal',2);
INSERT INTO "form_param" (id, key, value, form_id) VALUES(26,'form_type','grid',10);

